variavel,repositorio,arquivo,mecanismo
AWS_CREDENTIALS_KEY,bedin-api,config/autoload/aws.global.php,$_ENV
AWS_CREDENTIALS_KEY,sigo-clinicas-api,config/autoload/aws.global.php,$_ENV
AWS_CREDENTIALS_SECRET,bedin-api,config/autoload/aws.global.php,$_ENV
AWS_CREDENTIALS_SECRET,sigo-clinicas-api,config/autoload/aws.global.php,$_ENV
AWS_S3_ASSETS_BUCKET,bedin-api,module/Cliente/config/module.config.php,$_ENV
AWS_S3_ASSETS_BUCKET,bedin-api,module/Cliente/src/V1/Rest/FichasAnamnese/FichasAnamneseResource.php,$_ENV
AWS_S3_ASSETS_BUCKET,bedin-api,module/Clinica/config/module.config.php,$_ENV
AWS_S3_ASSETS_BUCKET,bedin-api,module/Clinica/src/V1/Rest/Clinicas/ClinicasResource.php,$_ENV
AWS_S3_ASSETS_BUCKET,bedin-api,module/Clinica/src/V1/Rest/Profissionais/ProfissionaisResource.php,$_ENV
AWS_S3_ASSETS_BUCKET,bedin-api,module/Clinica/src/V1/Rpc/ClinicasFotos/ClinicasFotosController.php,$_ENV
AWS_S3_ASSETS_BUCKET,sigo-clinicas-api,module/Cliente/config/module.config.php,$_ENV
AWS_S3_ASSETS_BUCKET,sigo-clinicas-api,module/Cliente/src/V1/Rest/FichasAnamnese/FichasAnamneseResource.php,$_ENV
AWS_S3_ASSETS_BUCKET,sigo-clinicas-api,module/Clinica/config/module.config.php,$_ENV
AWS_S3_ASSETS_BUCKET,sigo-clinicas-api,module/Clinica/src/V1/Rest/Clinicas/ClinicasResource.php,$_ENV
AWS_S3_ASSETS_BUCKET,sigo-clinicas-api,module/Clinica/src/V1/Rest/Profissionais/ProfissionaisResource.php,$_ENV
AWS_S3_ASSETS_BUCKET,sigo-clinicas-api,module/Clinica/src/V1/Rpc/ClinicasFotos/ClinicasFotosController.php,$_ENV
EMAIL_CONTATO1,bedin-api,module/Clinica/src/V1/Rest/Contato/ContatoResource.php,$_ENV
EMAIL_CONTATO1,bedin-api,module/User/src/V1/Rest/CriarSenha/CriarSenhaResource.php,$_ENV
EMAIL_CONTATO1,bedin-api,module/User/src/V1/Rest/RecuperarSenha/RecuperarSenhaResource.php,$_ENV
EMAIL_CONTATO1,sigo-clinicas-api,module/Clinica/src/V1/Rest/Contato/ContatoResource.php,$_ENV
EMAIL_CONTATO1,sigo-clinicas-api,module/User/src/V1/Rest/CriarSenha/CriarSenhaResource.php,$_ENV
EMAIL_CONTATO1,sigo-clinicas-api,module/User/src/V1/Rest/RecuperarSenha/RecuperarSenhaResource.php,$_ENV
MYSQL_DBNAME,bedin-api,config/autoload/doctrine.global.php,getenv
MYSQL_DBNAME,sigo-clinicas-api,config/autoload/doctrine.global.php,getenv
MYSQL_HOST_MASTER,bedin-api,config/autoload/doctrine.global.php,getenv
MYSQL_HOST_MASTER,sigo-clinicas-api,config/autoload/doctrine.global.php,getenv
MYSQL_HOST_SLAVE,bedin-api,config/autoload/doctrine.global.php,getenv
MYSQL_HOST_SLAVE,sigo-clinicas-api,config/autoload/doctrine.global.php,getenv
MYSQL_PASSWORD,bedin-api,config/autoload/doctrine.global.php,getenv
MYSQL_PASSWORD,sigo-clinicas-api,config/autoload/doctrine.global.php,getenv
MYSQL_USER,bedin-api,config/autoload/doctrine.global.php,getenv
MYSQL_USER,sigo-clinicas-api,config/autoload/doctrine.global.php,getenv
NODE_ENV,bedin-painel,src/config/ReactotronConfig.js,process.env
NODE_ENV,bedin-painel,src/registerServiceWorker.js,process.env
NODE_ENV,bedin-www,next.config.js,process.env
NODE_ENV,bedin-www,server.js,process.env
NODE_ENV,sigo-clinicas-painel,src/config/ReactotronConfig.js,process.env
NODE_ENV,sigo-clinicas-painel,src/registerServiceWorker.js,process.env
NODE_ENV,sigo-clinicas-www,next.config.js,process.env
NODE_ENV,sigo-clinicas-www,server.js,process.env
PUBLIC_URL,bedin-painel,src/registerServiceWorker.js,process.env
PUBLIC_URL,sigo-clinicas-painel,src/registerServiceWorker.js,process.env
REACT_APP_API_URL,bedin-painel,.env,arquivo .env
REACT_APP_API_URL,bedin-painel,src/components/SchedulerComponents/AppointmentFormContainerBasic/index.js,process.env
REACT_APP_API_URL,bedin-painel,src/components/SelectProfessionals/index.js,process.env
REACT_APP_API_URL,bedin-painel,src/components/ToggleServices/index.js,process.env
REACT_APP_API_URL,bedin-painel,src/pages/DefaultPages/CreatePasswordPage/CreatePassword/CreatePasswordForm/index.js,process.env
REACT_APP_API_URL,bedin-painel,src/pages/DefaultPages/ForgotPasswordPage/ForgotPassword/ForgotPasswordForm/index.js,process.env
REACT_APP_API_URL,bedin-painel,src/pages/DefaultPages/RegisterPageCliente/Register/RegisterForm/index.js,process.env
REACT_APP_API_URL,bedin-painel,src/pages/Painel/Agenda/AgendaPage/components/ModalCancel/FormCancel.js,process.env
REACT_APP_API_URL,bedin-painel,src/pages/Painel/Agenda/AgendaPage/components/ModalInterval/FormInterval.js,process.env
REACT_APP_API_URL,bedin-painel,src/pages/Painel/Agenda/AgendaPage/components/ModalRegister/components/RegisterForm/components/SelectProfessional/index.js,process.env
REACT_APP_API_URL,bedin-painel,src/pages/Painel/Agenda/AgendaPage/components/ModalRegister/components/RegisterForm/index.js,process.env
REACT_APP_API_URL,bedin-painel,src/pages/Painel/Agenda/AgendaPage/components/TuiCalendarHeader/ModalReport/index.js,process.env
REACT_APP_API_URL,bedin-painel,src/pages/Painel/Agenda/AgendaPage/index.js,process.env
REACT_APP_API_URL,bedin-painel,src/pages/Painel/Agenda/index.js,process.env
REACT_APP_API_URL,bedin-painel,src/pages/Painel/Categorias/CadCategoria/FormCadServices/index.js,process.env
REACT_APP_API_URL,bedin-painel,src/pages/Painel/Categorias/EditCategoria/FormEditCategoria/index.js,process.env
REACT_APP_API_URL,bedin-painel,src/pages/Painel/Categorias/ListCategoria/index.js,process.env
REACT_APP_API_URL,bedin-painel,src/pages/Painel/Clientes/CadCliente/FormCadCliente/index.js,process.env
REACT_APP_API_URL,bedin-painel,src/pages/Painel/Clientes/EditCliente/FormEditCliente/index.js,process.env
REACT_APP_API_URL,bedin-painel,src/pages/Painel/Clientes/ListAnamnese/DetListAnamnese/index.js,process.env
REACT_APP_API_URL,bedin-painel,src/pages/Painel/Clientes/ListAnamnese/ModalAnamnese/FormAnamnese.js,process.env
REACT_APP_API_URL,bedin-painel,src/pages/Painel/Clientes/ListClientes/ModalHistoric/index.js,process.env
REACT_APP_API_URL,bedin-painel,src/pages/Painel/Clientes/ListClientes/index.js,process.env
REACT_APP_API_URL,bedin-painel,src/pages/Painel/Clinicas/CadAnamnese/FormCadAnamnese/index.js,process.env
REACT_APP_API_URL,bedin-painel,src/pages/Painel/Clinicas/CadClinics/FormCadClinics/index.js,process.env
REACT_APP_API_URL,bedin-painel,src/pages/Painel/Clinicas/EditAnamnese/FormEditAnamnese/index.js,process.env
REACT_APP_API_URL,bedin-painel,src/pages/Painel/Clinicas/EditCategoria/FormEditCategoria/index.js,process.env
REACT_APP_API_URL,bedin-painel,src/pages/Painel/Clinicas/EditCliente/FormEditCliente/index.js,process.env
REACT_APP_API_URL,bedin-painel,src/pages/Painel/Clinicas/EditClinics/FormEditClinics/FormConfig/index.js,process.env
REACT_APP_API_URL,bedin-painel,src/pages/Painel/Clinicas/EditClinics/FormEditClinics/FormEdit/index.js,process.env
REACT_APP_API_URL,bedin-painel,src/pages/Painel/Clinicas/EditClinics/FormEditClinics/ListProfissionais/index.js,process.env
REACT_APP_API_URL,bedin-painel,src/pages/Painel/Clinicas/ListAnamnese/DetListAnamnese/index.js,process.env
REACT_APP_API_URL,bedin-painel,src/pages/Painel/Clinicas/ListClinics/index.js,process.env
REACT_APP_API_URL,bedin-painel,src/pages/Painel/Clinicas/ServicesClinics/FormServicesClinics/FormCategories/FormModal/index.js,process.env
REACT_APP_API_URL,bedin-painel,src/pages/Painel/Clinicas/ServicesClinics/FormServicesClinics/FormCategories/index.js,process.env
REACT_APP_API_URL,bedin-painel,src/pages/Painel/Clinicas/ServicesClinics/FormServicesClinics/FormServices/EditService/FormEditService/index.js,process.env
REACT_APP_API_URL,bedin-painel,src/pages/Painel/Clinicas/ServicesClinics/FormServicesClinics/FormServices/FormModalAtrelar/FormModal/index.js,process.env
REACT_APP_API_URL,bedin-painel,src/pages/Painel/Clinicas/ServicesClinics/FormServicesClinics/FormServices/FormModalAtrelar/FormModalCad/index.js,process.env
REACT_APP_API_URL,bedin-painel,src/pages/Painel/Clinicas/ServicesClinics/FormServicesClinics/FormServices/FormModalAtrelar/index.js,process.env
REACT_APP_API_URL,bedin-painel,src/pages/Painel/Clinicas/ServicesClinics/FormServicesClinics/FormServices/FormModalCad/FormModal/index.js,process.env
REACT_APP_API_URL,bedin-painel,src/pages/Painel/Clinicas/ServicesClinics/FormServicesClinics/FormServices/FormModalCad/index.js,process.env
REACT_APP_API_URL,bedin-painel,src/pages/Painel/Clinicas/ServicesClinics/FormServicesClinics/FormServices/ListDetServices/DetServices/EditService/FormEditCliente/index.js,process.env
REACT_APP_API_URL,bedin-painel,src/pages/Painel/Clinicas/ServicesClinics/FormServicesClinics/FormServices/ListDetServices/DetServices/ResumeService/index.js,process.env
REACT_APP_API_URL,bedin-painel,src/pages/Painel/Clinicas/ServicesClinics/FormServicesClinics/FormServices/index.js,process.env
REACT_APP_API_URL,bedin-painel,src/pages/Painel/Clinicas/ServicesClinics/FormServicesClinics/index.js,process.env
REACT_APP_API_URL,bedin-painel,src/pages/Painel/Controles/ListControles/Controles/Comissionamento/index.js,process.env
REACT_APP_API_URL,bedin-painel,src/pages/Painel/Controles/ListControles/Controles/Procedimentos/FilterService.js,process.env
REACT_APP_API_URL,bedin-painel,src/pages/Painel/Controles/ListControles/Controles/Procedimentos/index.js,process.env
REACT_APP_API_URL,bedin-painel,src/pages/Painel/Controles/ListControles/Controles/Profissional/index.js,process.env
REACT_APP_API_URL,bedin-painel,src/pages/Painel/Controles/ListControles/Controles/Vendas/Filters/FilterClient.js,process.env
REACT_APP_API_URL,bedin-painel,src/pages/Painel/Controles/ListControles/Controles/Vendas/Filters/FilterServico.js,process.env
REACT_APP_API_URL,bedin-painel,src/pages/Painel/Controles/ListControles/Controles/Vendas/Filters/FilterServicoCategory.js,process.env
REACT_APP_API_URL,bedin-painel,src/pages/Painel/Controles/ListControles/Controles/Vendas/index copy.js,process.env
REACT_APP_API_URL,bedin-painel,src/pages/Painel/Controles/ListControles/Controles/Vendas/index.js,process.env
REACT_APP_API_URL,bedin-painel,src/pages/Painel/Financeiro/ListFinaceiro/Categoria/index.js,process.env
REACT_APP_API_URL,bedin-painel,src/pages/Painel/Financeiro/ListFinaceiro/ModalPagamento/FormPagamento.js,process.env
REACT_APP_API_URL,bedin-painel,src/pages/Painel/Financeiro/ListFinaceiro/index.js,process.env
REACT_APP_API_URL,bedin-painel,src/pages/Painel/Materiais/DetMaterials/ListDetMaterials/index.js,process.env
REACT_APP_API_URL,bedin-painel,src/pages/Painel/Materiais/ListGroups/EditGroup/index.js,process.env
REACT_APP_API_URL,bedin-painel,src/pages/Painel/Materiais/ListGroups/index.js,process.env
REACT_APP_API_URL,bedin-painel,src/pages/Painel/Materiais/ListMaterials/index.js,process.env
REACT_APP_API_URL,bedin-painel,src/pages/Painel/Orcamentos/CadOrcamentos/FormCadOrcamentos/index.js,process.env
REACT_APP_API_URL,bedin-painel,src/pages/Painel/Orcamentos/DetOrcamentos/ListDetOrcamentos/EditOrcamento/FormEditOrcamento/index.js,process.env
REACT_APP_API_URL,bedin-painel,src/pages/Painel/Orcamentos/DetOrcamentos/ListDetOrcamentos/ResumeOrcamento/index.js,process.env
REACT_APP_API_URL,bedin-painel,src/pages/Painel/Orcamentos/ListOrcamentos/index.js,process.env
REACT_APP_API_URL,bedin-painel,src/pages/Painel/Orcamentos/PdfOrcamentos/Pdf.js,process.env
REACT_APP_API_URL,bedin-painel,src/pages/Painel/Precos/DetPrices/ListDetPrices/AddPrice/index.js,process.env
REACT_APP_API_URL,bedin-painel,src/pages/Painel/Precos/DetPrices/ListDetPrices/EditPrice/index.js,process.env
REACT_APP_API_URL,bedin-painel,src/pages/Painel/Precos/DetPrices/ListDetPrices/EditTitlePrice/index.js,process.env
REACT_APP_API_URL,bedin-painel,src/pages/Painel/Precos/DetPrices/ListDetPrices/StatusPrice/index.js,process.env
REACT_APP_API_URL,bedin-painel,src/pages/Painel/Precos/DetPrices/ListDetPrices/index.js,process.env
REACT_APP_API_URL,bedin-painel,src/pages/Painel/Precos/ListPrices/index.js,process.env
REACT_APP_API_URL,bedin-painel,src/pages/Painel/Servicos/CadServices/FormCadServices/FormModal/index.js,process.env
REACT_APP_API_URL,bedin-painel,src/pages/Painel/Servicos/CadServices/FormCadServices/index.js,process.env
REACT_APP_API_URL,bedin-painel,src/pages/Painel/Servicos/DetServices/ListDetServices/EditService/FormEditCliente/index.js,process.env
REACT_APP_API_URL,bedin-painel,src/pages/Painel/Servicos/DetServices/ListDetServices/ResumeService/index.js,process.env
REACT_APP_API_URL,bedin-painel,src/pages/Painel/Servicos/ListServices/index.js,process.env
REACT_APP_API_URL,bedin-painel,src/pages/Painel/Usuarios/CadUsuarios/FormCadUsuarios/CadProfissional/index.js,process.env
REACT_APP_API_URL,bedin-painel,src/pages/Painel/Usuarios/CadUsuarios/FormCadUsuarios/CadUsuarios/index.js,process.env
REACT_APP_API_URL,bedin-painel,src/pages/Painel/Usuarios/CadUsuarios/FormCadUsuarios/index.js,process.env
REACT_APP_API_URL,bedin-painel,src/pages/Painel/Usuarios/DetUsuarios/ListDetUsuarios/ChangePassword/index.js,process.env
REACT_APP_API_URL,bedin-painel,src/pages/Painel/Usuarios/DetUsuarios/ListDetUsuarios/EditUser/index.js,process.env
REACT_APP_API_URL,bedin-painel,src/pages/Painel/Usuarios/DetUsuarios/ListDetUsuarios/index.js,process.env
REACT_APP_API_URL,bedin-painel,src/pages/Painel/Usuarios/DetUsuariosProfissionais/ListDetProfissionais/ChangePassword/index.js,process.env
REACT_APP_API_URL,bedin-painel,src/pages/Painel/Usuarios/DetUsuariosProfissionais/ListDetProfissionais/EditProfissional/index.js,process.env
REACT_APP_API_URL,bedin-painel,src/pages/Painel/Usuarios/DetUsuariosProfissionais/ListDetProfissionais/IntervalosProfissional/index.js,process.env
REACT_APP_API_URL,bedin-painel,src/pages/Painel/Usuarios/DetUsuariosProfissionais/ListDetProfissionais/ListServicesProfissional/CadServiceModal/index.js,process.env
REACT_APP_API_URL,bedin-painel,src/pages/Painel/Usuarios/DetUsuariosProfissionais/ListDetProfissionais/ListServicesProfissional/EditServiceModal/index.js,process.env
REACT_APP_API_URL,bedin-painel,src/pages/Painel/Usuarios/DetUsuariosProfissionais/ListDetProfissionais/ListServicesProfissional/index.js,process.env
REACT_APP_API_URL,bedin-painel,src/pages/Painel/Usuarios/DetUsuariosProfissionais/ListDetProfissionais/index.js,process.env
REACT_APP_API_URL,bedin-painel,src/pages/Painel/Usuarios/ListUsuarios/index.js,process.env
REACT_APP_API_URL,bedin-painel,src/pages/Painel/Vendas/ListVendas/ModelRegisterScheduling/index.js,process.env
REACT_APP_API_URL,bedin-painel,src/pages/Painel/Vendas/ListVendas/index.js,process.env
REACT_APP_API_URL,bedin-painel,src/services/apii/index.js,process.env
REACT_APP_API_URL,bedin-painel,src/services/client/index.js,process.env
REACT_APP_API_URL,bedin-painel,src/services/professional/index.js,process.env
REACT_APP_API_URL,bedin-painel,src/store/ducks/app.js,process.env
REACT_APP_API_URL,bedin-painel,src/store/sagas/client.js,process.env
REACT_APP_API_URL,bedin-painel,src/store/sagas/clinic.js,process.env
REACT_APP_API_URL,bedin-painel,src/store/sagas/schedule.js,process.env
REACT_APP_API_URL,bedin-painel,src/store/sagas/service.js,process.env
REACT_APP_API_URL,sigo-clinicas-painel,.env,arquivo .env
REACT_APP_API_URL,sigo-clinicas-painel,src/components/SchedulerComponents/AppointmentFormContainerBasic/index.js,process.env
REACT_APP_API_URL,sigo-clinicas-painel,src/components/SelectProfessionals/index.js,process.env
REACT_APP_API_URL,sigo-clinicas-painel,src/components/ToggleServices/index.js,process.env
REACT_APP_API_URL,sigo-clinicas-painel,src/pages/DefaultPages/CreatePasswordPage/CreatePassword/CreatePasswordForm/index.js,process.env
REACT_APP_API_URL,sigo-clinicas-painel,src/pages/DefaultPages/ForgotPasswordPage/ForgotPassword/ForgotPasswordForm/index.js,process.env
REACT_APP_API_URL,sigo-clinicas-painel,src/pages/DefaultPages/RegisterPageCliente/Register/RegisterForm/index.js,process.env
REACT_APP_API_URL,sigo-clinicas-painel,src/pages/Painel/Agenda/AgendaPage/components/ModalCancel/FormCancel.js,process.env
REACT_APP_API_URL,sigo-clinicas-painel,src/pages/Painel/Agenda/AgendaPage/components/ModalInterval/FormInterval.js,process.env
REACT_APP_API_URL,sigo-clinicas-painel,src/pages/Painel/Agenda/AgendaPage/components/ModalRegister/components/RegisterForm/components/SelectProfessional/index.js,process.env
REACT_APP_API_URL,sigo-clinicas-painel,src/pages/Painel/Agenda/AgendaPage/components/ModalRegister/components/RegisterForm/index.js,process.env
REACT_APP_API_URL,sigo-clinicas-painel,src/pages/Painel/Agenda/AgendaPage/components/TuiCalendarHeader/ModalReport/index.js,process.env
REACT_APP_API_URL,sigo-clinicas-painel,src/pages/Painel/Agenda/AgendaPage/index.js,process.env
REACT_APP_API_URL,sigo-clinicas-painel,src/pages/Painel/Agenda/index.js,process.env
REACT_APP_API_URL,sigo-clinicas-painel,src/pages/Painel/Categorias/CadCategoria/FormCadServices/index.js,process.env
REACT_APP_API_URL,sigo-clinicas-painel,src/pages/Painel/Categorias/EditCategoria/FormEditCategoria/index.js,process.env
REACT_APP_API_URL,sigo-clinicas-painel,src/pages/Painel/Categorias/ListCategoria/index.js,process.env
REACT_APP_API_URL,sigo-clinicas-painel,src/pages/Painel/Clientes/CadCliente/FormCadCliente/index.js,process.env
REACT_APP_API_URL,sigo-clinicas-painel,src/pages/Painel/Clientes/EditCliente/FormEditCliente/index.js,process.env
REACT_APP_API_URL,sigo-clinicas-painel,src/pages/Painel/Clientes/ListAnamnese/DetListAnamnese/index.js,process.env
REACT_APP_API_URL,sigo-clinicas-painel,src/pages/Painel/Clientes/ListAnamnese/ModalAnamnese/FormAnamnese.js,process.env
REACT_APP_API_URL,sigo-clinicas-painel,src/pages/Painel/Clientes/ListClientes/ModalHistoric/index.js,process.env
REACT_APP_API_URL,sigo-clinicas-painel,src/pages/Painel/Clientes/ListClientes/index.js,process.env
REACT_APP_API_URL,sigo-clinicas-painel,src/pages/Painel/Clinicas/CadAnamnese/FormCadAnamnese/index.js,process.env
REACT_APP_API_URL,sigo-clinicas-painel,src/pages/Painel/Clinicas/CadClinics/FormCadClinics/index.js,process.env
REACT_APP_API_URL,sigo-clinicas-painel,src/pages/Painel/Clinicas/EditAnamnese/FormEditAnamnese/index.js,process.env
REACT_APP_API_URL,sigo-clinicas-painel,src/pages/Painel/Clinicas/EditCategoria/FormEditCategoria/index.js,process.env
REACT_APP_API_URL,sigo-clinicas-painel,src/pages/Painel/Clinicas/EditCliente/FormEditCliente/index.js,process.env
REACT_APP_API_URL,sigo-clinicas-painel,src/pages/Painel/Clinicas/EditClinics/FormEditClinics/FormConfig/index.js,process.env
REACT_APP_API_URL,sigo-clinicas-painel,src/pages/Painel/Clinicas/EditClinics/FormEditClinics/FormEdit/index.js,process.env
REACT_APP_API_URL,sigo-clinicas-painel,src/pages/Painel/Clinicas/EditClinics/FormEditClinics/ListProfissionais/index.js,process.env
REACT_APP_API_URL,sigo-clinicas-painel,src/pages/Painel/Clinicas/ListAnamnese/DetListAnamnese/index.js,process.env
REACT_APP_API_URL,sigo-clinicas-painel,src/pages/Painel/Clinicas/ListClinics/index.js,process.env
REACT_APP_API_URL,sigo-clinicas-painel,src/pages/Painel/Clinicas/ServicesClinics/FormServicesClinics/FormCategories/FormModal/index.js,process.env
REACT_APP_API_URL,sigo-clinicas-painel,src/pages/Painel/Clinicas/ServicesClinics/FormServicesClinics/FormCategories/index.js,process.env
REACT_APP_API_URL,sigo-clinicas-painel,src/pages/Painel/Clinicas/ServicesClinics/FormServicesClinics/FormServices/EditService/FormEditService/index.js,process.env
REACT_APP_API_URL,sigo-clinicas-painel,src/pages/Painel/Clinicas/ServicesClinics/FormServicesClinics/FormServices/FormModalAtrelar/FormModal/index.js,process.env
REACT_APP_API_URL,sigo-clinicas-painel,src/pages/Painel/Clinicas/ServicesClinics/FormServicesClinics/FormServices/FormModalAtrelar/FormModalCad/index.js,process.env
REACT_APP_API_URL,sigo-clinicas-painel,src/pages/Painel/Clinicas/ServicesClinics/FormServicesClinics/FormServices/FormModalAtrelar/index.js,process.env
REACT_APP_API_URL,sigo-clinicas-painel,src/pages/Painel/Clinicas/ServicesClinics/FormServicesClinics/FormServices/FormModalCad/FormModal/index.js,process.env
REACT_APP_API_URL,sigo-clinicas-painel,src/pages/Painel/Clinicas/ServicesClinics/FormServicesClinics/FormServices/FormModalCad/index.js,process.env
REACT_APP_API_URL,sigo-clinicas-painel,src/pages/Painel/Clinicas/ServicesClinics/FormServicesClinics/FormServices/ListDetServices/DetServices/EditService/FormEditCliente/index.js,process.env
REACT_APP_API_URL,sigo-clinicas-painel,src/pages/Painel/Clinicas/ServicesClinics/FormServicesClinics/FormServices/ListDetServices/DetServices/ResumeService/index.js,process.env
REACT_APP_API_URL,sigo-clinicas-painel,src/pages/Painel/Clinicas/ServicesClinics/FormServicesClinics/FormServices/index.js,process.env
REACT_APP_API_URL,sigo-clinicas-painel,src/pages/Painel/Clinicas/ServicesClinics/FormServicesClinics/index.js,process.env
REACT_APP_API_URL,sigo-clinicas-painel,src/pages/Painel/Controles/ListControles/Controles/Comissionamento/index.js,process.env
REACT_APP_API_URL,sigo-clinicas-painel,src/pages/Painel/Controles/ListControles/Controles/Procedimentos/FilterService.js,process.env
REACT_APP_API_URL,sigo-clinicas-painel,src/pages/Painel/Controles/ListControles/Controles/Procedimentos/index.js,process.env
REACT_APP_API_URL,sigo-clinicas-painel,src/pages/Painel/Controles/ListControles/Controles/Profissional/index.js,process.env
REACT_APP_API_URL,sigo-clinicas-painel,src/pages/Painel/Controles/ListControles/Controles/Vendas/Filters/FilterClient.js,process.env
REACT_APP_API_URL,sigo-clinicas-painel,src/pages/Painel/Controles/ListControles/Controles/Vendas/Filters/FilterServico.js,process.env
REACT_APP_API_URL,sigo-clinicas-painel,src/pages/Painel/Controles/ListControles/Controles/Vendas/Filters/FilterServicoCategory.js,process.env
REACT_APP_API_URL,sigo-clinicas-painel,src/pages/Painel/Controles/ListControles/Controles/Vendas/index copy.js,process.env
REACT_APP_API_URL,sigo-clinicas-painel,src/pages/Painel/Controles/ListControles/Controles/Vendas/index.js,process.env
REACT_APP_API_URL,sigo-clinicas-painel,src/pages/Painel/Financeiro/ListFinaceiro/Categoria/index.js,process.env
REACT_APP_API_URL,sigo-clinicas-painel,src/pages/Painel/Financeiro/ListFinaceiro/ModalPagamento/FormPagamento.js,process.env
REACT_APP_API_URL,sigo-clinicas-painel,src/pages/Painel/Financeiro/ListFinaceiro/index.js,process.env
REACT_APP_API_URL,sigo-clinicas-painel,src/pages/Painel/Materiais/DetMaterials/ListDetMaterials/index.js,process.env
REACT_APP_API_URL,sigo-clinicas-painel,src/pages/Painel/Materiais/ListGroups/EditGroup/index.js,process.env
REACT_APP_API_URL,sigo-clinicas-painel,src/pages/Painel/Materiais/ListGroups/index.js,process.env
REACT_APP_API_URL,sigo-clinicas-painel,src/pages/Painel/Materiais/ListMaterials/index.js,process.env
REACT_APP_API_URL,sigo-clinicas-painel,src/pages/Painel/Orcamentos/CadOrcamentos/FormCadOrcamentos/index.js,process.env
REACT_APP_API_URL,sigo-clinicas-painel,src/pages/Painel/Orcamentos/DetOrcamentos/ListDetOrcamentos/EditOrcamento/FormEditOrcamento/index.js,process.env
REACT_APP_API_URL,sigo-clinicas-painel,src/pages/Painel/Orcamentos/DetOrcamentos/ListDetOrcamentos/ResumeOrcamento/index.js,process.env
REACT_APP_API_URL,sigo-clinicas-painel,src/pages/Painel/Orcamentos/ListOrcamentos/index.js,process.env
REACT_APP_API_URL,sigo-clinicas-painel,src/pages/Painel/Orcamentos/PdfOrcamentos/Pdf.js,process.env
REACT_APP_API_URL,sigo-clinicas-painel,src/pages/Painel/Precos/DetPrices/ListDetPrices/AddPrice/index.js,process.env
REACT_APP_API_URL,sigo-clinicas-painel,src/pages/Painel/Precos/DetPrices/ListDetPrices/EditPrice/index.js,process.env
REACT_APP_API_URL,sigo-clinicas-painel,src/pages/Painel/Precos/DetPrices/ListDetPrices/EditTitlePrice/index.js,process.env
REACT_APP_API_URL,sigo-clinicas-painel,src/pages/Painel/Precos/DetPrices/ListDetPrices/StatusPrice/index.js,process.env
REACT_APP_API_URL,sigo-clinicas-painel,src/pages/Painel/Precos/DetPrices/ListDetPrices/index.js,process.env
REACT_APP_API_URL,sigo-clinicas-painel,src/pages/Painel/Precos/ListPrices/index.js,process.env
REACT_APP_API_URL,sigo-clinicas-painel,src/pages/Painel/Servicos/CadServices/FormCadServices/FormModal/index.js,process.env
REACT_APP_API_URL,sigo-clinicas-painel,src/pages/Painel/Servicos/CadServices/FormCadServices/index.js,process.env
REACT_APP_API_URL,sigo-clinicas-painel,src/pages/Painel/Servicos/DetServices/ListDetServices/EditService/FormEditCliente/index.js,process.env
REACT_APP_API_URL,sigo-clinicas-painel,src/pages/Painel/Servicos/DetServices/ListDetServices/ResumeService/index.js,process.env
REACT_APP_API_URL,sigo-clinicas-painel,src/pages/Painel/Servicos/ListServices/index.js,process.env
REACT_APP_API_URL,sigo-clinicas-painel,src/pages/Painel/Usuarios/CadUsuarios/FormCadUsuarios/CadProfissional/index.js,process.env
REACT_APP_API_URL,sigo-clinicas-painel,src/pages/Painel/Usuarios/CadUsuarios/FormCadUsuarios/CadUsuarios/index.js,process.env
REACT_APP_API_URL,sigo-clinicas-painel,src/pages/Painel/Usuarios/CadUsuarios/FormCadUsuarios/index.js,process.env
REACT_APP_API_URL,sigo-clinicas-painel,src/pages/Painel/Usuarios/DetUsuarios/ListDetUsuarios/ChangePassword/index.js,process.env
REACT_APP_API_URL,sigo-clinicas-painel,src/pages/Painel/Usuarios/DetUsuarios/ListDetUsuarios/EditUser/index.js,process.env
REACT_APP_API_URL,sigo-clinicas-painel,src/pages/Painel/Usuarios/DetUsuarios/ListDetUsuarios/index.js,process.env
REACT_APP_API_URL,sigo-clinicas-painel,src/pages/Painel/Usuarios/DetUsuariosProfissionais/ListDetProfissionais/ChangePassword/index.js,process.env
REACT_APP_API_URL,sigo-clinicas-painel,src/pages/Painel/Usuarios/DetUsuariosProfissionais/ListDetProfissionais/EditProfissional/index.js,process.env
REACT_APP_API_URL,sigo-clinicas-painel,src/pages/Painel/Usuarios/DetUsuariosProfissionais/ListDetProfissionais/IntervalosProfissional/index.js,process.env
REACT_APP_API_URL,sigo-clinicas-painel,src/pages/Painel/Usuarios/DetUsuariosProfissionais/ListDetProfissionais/ListServicesProfissional/CadServiceModal/index.js,process.env
REACT_APP_API_URL,sigo-clinicas-painel,src/pages/Painel/Usuarios/DetUsuariosProfissionais/ListDetProfissionais/ListServicesProfissional/EditServiceModal/index.js,process.env
REACT_APP_API_URL,sigo-clinicas-painel,src/pages/Painel/Usuarios/DetUsuariosProfissionais/ListDetProfissionais/ListServicesProfissional/index.js,process.env
REACT_APP_API_URL,sigo-clinicas-painel,src/pages/Painel/Usuarios/DetUsuariosProfissionais/ListDetProfissionais/index.js,process.env
REACT_APP_API_URL,sigo-clinicas-painel,src/pages/Painel/Usuarios/ListUsuarios/index.js,process.env
REACT_APP_API_URL,sigo-clinicas-painel,src/pages/Painel/Vendas/ListVendas/ModelRegisterScheduling/index.js,process.env
REACT_APP_API_URL,sigo-clinicas-painel,src/pages/Painel/Vendas/ListVendas/index.js,process.env
REACT_APP_API_URL,sigo-clinicas-painel,src/services/apii/index.js,process.env
REACT_APP_API_URL,sigo-clinicas-painel,src/services/client/index.js,process.env
REACT_APP_API_URL,sigo-clinicas-painel,src/services/professional/index.js,process.env
REACT_APP_API_URL,sigo-clinicas-painel,src/store/ducks/app.js,process.env
REACT_APP_API_URL,sigo-clinicas-painel,src/store/sagas/client.js,process.env
REACT_APP_API_URL,sigo-clinicas-painel,src/store/sagas/clinic.js,process.env
REACT_APP_API_URL,sigo-clinicas-painel,src/store/sagas/schedule.js,process.env
REACT_APP_API_URL,sigo-clinicas-painel,src/store/sagas/service.js,process.env
REQUEST_URI,bedin-api,public/index.php,$_SERVER
REQUEST_URI,sigo-clinicas-api,public/index.php,$_SERVER
